clinic	name	sex	year	Total ART	DTG	p	s	lcl	ucl
Kasasa	2018 Q1	men	2018-02-15	31	0	0	0	0	0
Kasasa	2018 Q2	men	2018-05-17	23	4	0.17391304347826086	0.0790341964475118	0.019008864894074246	0.32881722206244746
Kasasa	2018 Q3	men	2018-08-17	54	5	0.09259259259259259	0.039445040149549	0.015281734530740138	0.169903450654445
Kasasa	2018 Q4	men	2018-11-16	91	2	0.02197802197802198	0.015369081467100395	0	0.05210086812900076
Kasasa	2019 Q1	men	2019-02-15	177	2	0.011299435028248588	0.007944638172079315	0	0.026870639715726168
Kasasa	2019 Q2	men	2019-05-17	229	73	0.31877729257641924	0.030794312007682435	0.2584215501126723	0.3791330350401661
Kasasa	2019 Q3	men	2019-08-17	252	141	0.5595238095238095	0.03127304966447245	0.49822975849471113	0.620817860552908
Kasasa	2019 Q4	men	2019-11-16	218	142	0.6513761467889908	0.032274998289734666	0.588118312540019	0.7146339810379626
Kasasa	2020 Q1	men	2020-02-15	139	119	0.8561151079136691	0.029769139290031926	0.7977686670544503	0.9144615487728879
Kasasa	2020 Q2	men	2020-05-17	151	121	0.8013245033112583	0.032470418907083416	0.7376836516904464	0.8649653549320702
Kasasa	2020 Q3	men	2020-08-16	223	179	0.8026905829596412	0.026649898491932018	0.7504577417238062	0.8549234241954763
Kasasa	2020 Q4	men	2020-11-16	259	216	0.833976833976834	0.023121257862037257	0.7886600012899774	0.8792936666636906
Kasasa	2021 Q1	men	2021-02-15	268	231	0.8619402985074627	0.02107194678900929	0.82064004171686	0.9032405552980654
Kasasa	2021 Q2	men	2021-05-17	270	240	0.8888888888888888	0.0191258436849749	0.8514029240923953	0.9263748536853824
Kasasa	2021 Q3	men	2021-08-17	274	247	0.9014598540145985	0.01800547216238519	0.866169777051685	0.936749930977512
Kasasa	2021 Q4	men	2021-11-16	280	256	0.9142857142857143	0.016729715536260573	0.8814960743630433	0.9470753542083852
Kasasa	2022 Q1	men	2022-02-15	289	266	0.9204152249134948	0.01592054652312328	0.8892115271139788	0.9516189227130109
Kasasa	2022 Q2	men	2022-05-17	286	265	0.9265734265734266	0.015423521196174052	0.8963438805141353	0.9568029726327179
Kasasa	2022 Q3	men	2022-08-17	283	262	0.9257950530035336	0.015580473059869576	0.8952578869440927	0.9563322190629745
Kasasa	2022 Q4	men	2022-11-16	289	269	0.9307958477508651	0.014929469424703636	0.901534625370154	0.9600570701315762
Kasasa	2023 Q1	men	2023-02-15	294	276	0.9387755102040817	0.01398201610295253	0.9113712622110356	0.9661797581971278
Kasasa	2023 Q2	men	2023-05-17	290	274	0.9448275862068966	0.013407205801789498	0.9185499457020727	0.9711052267117204
Kasasa	2018 Q1	women	2018-02-15	48	2	0.041666666666666664	0.028842443968465536	0	0.09819681807097361
Kasasa	2018 Q2	women	2018-05-17	51	4	0.0784313725490196	0.037646418038888574	0.004645749045859002	0.1522169960521802
Kasasa	2018 Q3	women	2018-08-17	163	4	0.024539877300613498	0.012118452117917525	7.881476011220127e-4	0.04829160700010498
Kasasa	2018 Q4	women	2018-11-16	187	2	0.0106951871657754	0.007522088733580095	0	0.025438210172106887
Kasasa	2019 Q1	women	2019-02-15	360	1	0.002777777777777778	0.002773917070175045	0	0.00821455533142173
Kasasa	2019 Q2	women	2019-05-17	498	71	0.142570281124498	0.01566747815111359	0.11186258821974716	0.1732779740292488
Kasasa	2019 Q3	women	2019-08-17	523	141	0.2695984703632887	0.019403885555432068	0.23156755351450486	0.30762938721207256
Kasasa	2019 Q4	women	2019-11-16	450	146	0.3244444444444444	0.022069599347598307	0.28118882456992306	0.36770006431896574
Kasasa	2020 Q1	women	2020-02-15	246	93	0.3780487804878049	0.030916087588608917	0.3174543622712456	0.4386431987043641
Kasasa	2020 Q2	women	2020-05-17	248	93	0.375	0.030741836052372795	0.31474710851871435	0.43525289148128565
Kasasa	2020 Q3	women	2020-08-16	378	183	0.48412698412698413	0.025704262681873796	0.43374755502135454	0.5345064132326137
Kasasa	2020 Q4	women	2020-11-16	507	287	0.5660749506903353	0.02201102919213863	0.5229341262110838	0.6092157751695868
Kasasa	2021 Q1	women	2021-02-15	540	396	0.7333333333333333	0.019029974190615008	0.6960352692930011	0.7706313973736655
Kasasa	2021 Q2	women	2021-05-17	557	449	0.8061041292639138	0.016751444218002072	0.7732719019075981	0.8389363566202296
Kasasa	2021 Q3	women	2021-08-17	566	478	0.8445229681978799	0.01523107783866346	0.8146706041883733	0.8743753322073864
Kasasa	2021 Q4	women	2021-11-16	575	519	0.9026086956521739	0.012364481963884552	0.8783747563154651	0.9268426349888828
Kasasa	2022 Q1	women	2022-02-15	583	542	0.9296740994854202	0.010589823931224162	0.9089184259776005	0.9504297729932399
Kasasa	2022 Q2	women	2022-05-17	589	554	0.9405772495755518	0.009741278556004544	0.9214846944424105	0.959669804708693
Kasasa	2022 Q3	women	2022-08-17	595	566	0.9512605042016806	0.008827378851675054	0.9339591595745069	0.9685618488288542
Kasasa	2022 Q4	women	2022-11-16	608	581	0.9555921052631579	0.008354386810733708	0.9392178080012034	0.9719664025251123
Kasasa	2023 Q1	women	2023-02-15	611	586	0.9590834697217676	0.008014141330006639	0.9433760413479406	0.9747908980955945
Kasasa	2023 Q2	women	2023-05-17	602	581	0.9651162790697675	0.0074783016069209654	0.9504590772546744	0.9797734808848606
Rakai	2018 Q1	men	2018-02-15	860	1	0.0011627906976744186	0.001162114459933202	0	0.0034404931850567097
Rakai	2018 Q2	men	2018-05-17	899	1	0.0011123470522803114	0.0011117282221616064	0	0.0032912943283138034
Rakai	2018 Q3	men	2018-08-17	946	2	0.0021141649048625794	0.0014933592294485976	0	0.0050410952105623165
Rakai	2018 Q4	men	2018-11-16	938	10	0.010660980810234541	0.00335327931948034	0.004088674113950094	0.017233287506518986
Rakai	2019 Q1	men	2019-02-15	923	5	0.005417118093174431	0.0024160381699186435	6.817702948598266e-4	0.010152465891489035
Rakai	2019 Q2	men	2019-05-17	966	6	0.006211180124223602	0.0025278165452064585	0.0012567507360944788	0.011165609512352724
Rakai	2019 Q3	men	2019-08-17	962	19	0.01975051975051975	0.0044861112442450965	0.010957903281159193	0.028543136219880305
Rakai	2019 Q4	men	2019-11-16	955	585	0.612565445026178	0.01576426539490182	0.5816680526094394	0.6434628374429167
Rakai	2020 Q1	men	2020-02-15	1000	853	0.853	0.011197812286335219	0.8310526912131428	0.8749473087868571
Rakai	2020 Q2	men	2020-05-17	884	755	0.8540723981900452	0.011873805576508393	0.8308001669006579	0.8773446294794325
Rakai	2020 Q3	men	2020-08-16	890	766	0.8606741573033708	0.011607540761592277	0.8379237954615694	0.8834245191451723
Rakai	2020 Q4	men	2020-11-16	934	888	0.9507494646680942	0.007080518867423077	0.9368719026960887	0.9646270266400997
Rakai	2021 Q1	men	2021-02-15	957	920	0.9613375130616509	0.006231991739975037	0.9491230336993488	0.9735519924239531
Rakai	2021 Q2	men	2021-05-17	951	922	0.9695057833859095	0.00557562663505046	0.9585777559899684	0.9804338107818507
Rakai	2021 Q3	men	2021-08-17	967	936	0.96794208893485	0.005664727983448294	0.9568394261050751	0.9790447517646249
Rakai	2021 Q4	men	2021-11-16	742	718	0.967654986522911	0.006494743217499928	0.9549255237277754	0.9803844493180467
Rakai	2022 Q1	men	2022-02-15	812	791	0.9741379310344828	0.00557011094183587	0.963220714198592	0.9850551478703735
Rakai	2022 Q2	men	2022-05-17	821	803	0.9780755176613886	0.005110687067848653	0.9680587550721506	0.9880922802506266
Rakai	2022 Q3	men	2022-08-17	808	798	0.9876237623762376	0.0038894160723321994	0.9800006469535752	0.9952468777989
Rakai	2022 Q4	men	2022-11-16	725	715	0.9862068965517241	0.004331576721056831	0.9777171621821806	0.9946966309212676
Rakai	2023 Q1	men	2023-02-15	721	709	0.9833564493758669	0.004764428825613239	0.9740183404707604	0.9926945582809733
Rakai	2023 Q2	men	2023-05-17	1031	972	0.9427740058195926	0.007233877338513755	0.9285958667675251	0.95695214487166
Rakai	2018 Q1	women	2018-02-15	1366	2	0.0014641288433382138	0.0010345372530822052	0	0.0034917846000443345
Rakai	2018 Q2	women	2018-05-17	1455	2	0.0013745704467353953	9.712998350856231e-4	0	0.00327828314169291
Rakai	2018 Q3	women	2018-08-17	1525	2	0.0013114754098360656	9.267448557165145e-4	0	0.003127861949898202
Rakai	2018 Q4	women	2018-11-16	1521	11	0.007232084155161078	0.0021726561295839332	0.0029737563903863805	0.011490411919935774
Rakai	2019 Q1	women	2019-02-15	1484	9	0.006064690026954178	0.0020154239422518817	0.0021145316865607564	0.010014848367347598
Rakai	2019 Q2	women	2019-05-17	1545	10	0.006472491909385114	0.0020401470151144244	0.0024738772365939486	0.010471106582176277
Rakai	2019 Q3	women	2019-08-17	1554	25	0.016087516087516088	0.0031915174648147393	0.009832256800448622	0.022342775374583554
Rakai	2019 Q4	women	2019-11-16	1517	752	0.4957152274225445	0.01283693276953024	0.4705553015223032	0.5208751533227858
Rakai	2020 Q1	women	2020-02-15	1570	1067	0.6796178343949044	0.011776513211415877	0.6565362926370691	0.7026993761527397
Rakai	2020 Q2	women	2020-05-17	1403	956	0.6813970064148254	0.01243930742663229	0.6570164118660045	0.7057776009636463
Rakai	2020 Q3	women	2020-08-16	1400	1027	0.7335714285714285	0.011815377019409377	0.7104137151496239	0.7567291419932332
Rakai	2020 Q4	women	2020-11-16	1443	1270	0.8801108801108801	0.008551167538158133	0.8633508997103222	0.896870860511438
Rakai	2021 Q1	women	2021-02-15	1472	1364	0.9266304347826086	0.006796062244869662	0.9133103975459717	0.9399504720192456
Rakai	2021 Q2	women	2021-05-17	1463	1382	0.9446343130553657	0.005979020490386253	0.9329156482313816	0.9563529778793498
Rakai	2021 Q3	women	2021-08-17	1489	1434	0.9630624580255205	0.00488780502783918	0.9534825362075019	0.9726423798435391
Rakai	2021 Q4	women	2021-11-16	1121	1089	0.9714540588760036	0.004973710580607275	0.9617057652684875	0.9812023524835196
Rakai	2022 Q1	women	2022-02-15	1266	1242	0.981042654028436	0.0038327973736125053	0.9735305092161158	0.9885547988407563
Rakai	2022 Q2	women	2022-05-17	1260	1239	0.9833333333333333	0.0036065294500005653	0.9762646655021491	0.9904020011645175
Rakai	2022 Q3	women	2022-08-17	1214	1197	0.985996705107084	0.0033724343625490785	0.9793868552162626	0.9926065549979055
Rakai	2022 Q4	women	2022-11-16	1069	1056	0.9878391019644528	0.003352255233304894	0.9812688024401893	0.9944094014887163
Rakai	2023 Q1	women	2023-02-15	1131	1114	0.9849690539345711	0.0036180382066673296	0.9778778293548133	0.992060278514329
Rakai	2023 Q2	women	2023-05-17	986	976	0.9898580121703854	0.0031908731267209904	0.9836040157627756	0.9961120085779952
Kamulegu	2018 Q1	men	2018-02-15	143	2	0.013986013986013986	0.009820203734657895	0	0.033233259626789184
Kamulegu	2018 Q2	men	2018-05-17	153	3	0.0196078431372549	0.011209057852451557	0	0.04157719282868583
Kamulegu	2018 Q3	men	2018-08-17	155	3	0.01935483870967742	0.011065852423530394	0	0.04104351091803225
Kamulegu	2018 Q4	men	2018-11-16	156	3	0.019230769230769232	0.010995612978785877	0	0.040781774657130725
Kamulegu	2019 Q1	men	2019-02-15	155	1	0.0064516129032258064	0.0064307675727947105	0	0.019055685738851497
Kamulegu	2019 Q2	men	2019-05-17	157	2	0.012738853503184714	0.00895017172898945	0	0.030280867747452617
Kamulegu	2019 Q3	men	2019-08-17	167	3	0.017964071856287425	0.010277981808296513	0	0.03810854603430644
Kamulegu	2019 Q4	men	2019-11-16	169	10	0.05917159763313609	0.018149660480088196	0.023598916760533287	0.09474427850573888
Kamulegu	2020 Q1	men	2020-02-15	173	118	0.6820809248554913	0.03540407024082346	0.612690222277351	0.7514716274336316
Kamulegu	2020 Q2	men	2020-05-17	173	141	0.815028901734104	0.029519934586472577	0.7571708931186395	0.8728869103495686
Kamulegu	2020 Q3	men	2020-08-16	181	152	0.8397790055248618	0.027264838567732392	0.7863409038878078	0.8932171071619159
Kamulegu	2020 Q4	men	2020-11-16	178	157	0.8820224719101124	0.02417850644494726	0.8346334700780462	0.9294114737421786
Kamulegu	2021 Q1	men	2021-02-15	175	156	0.8914285714285715	0.023517005818815787	0.8453360869994736	0.9375210558576693
Kamulegu	2021 Q2	men	2021-05-17	178	162	0.9101123595505618	0.021438159370915144	0.8680943392887382	0.9521303798123854
Kamulegu	2021 Q3	men	2021-08-17	186	173	0.9301075268817204	0.01869499319432796	0.8934660135296162	0.9667490402338246
Kamulegu	2021 Q4	men	2021-11-16	196	184	0.9387755102040817	0.017124402513805724	0.9052122980202553	0.9723387223879081
Kamulegu	2022 Q1	men	2022-02-15	195	184	0.9435897435897436	0.016521646931934954	0.9112079106378643	0.9759715765416227
Kamulegu	2022 Q2	men	2022-05-17	196	189	0.9642857142857143	0.013255490874251609	0.9383054295747818	0.9902659989966468
Kamulegu	2022 Q3	men	2022-08-17	161	161	1	0	1	1
Kamulegu	2022 Q4	men	2022-11-16	209	209	1	0	1	1
Kamulegu	2023 Q1	men	2023-02-15	206	206	1	0	1	1
Kamulegu	2023 Q2	men	2023-05-17	204	204	1	0	1	1
Kamulegu	2018 Q1	women	2018-02-15	248	3	0.012096774193548387	0.006941704915051921	0	0.025702265818354823
Kamulegu	2018 Q2	women	2018-05-17	267	5	0.018726591760299626	0.008296000236868517	0.0024667300803015747	0.034986453440297674
Kamulegu	2018 Q3	women	2018-08-17	258	2	0.007751937984496124	0.005460160659383714	0	0.018453656226690672
Kamulegu	2018 Q4	women	2018-11-16	265	1	0.0037735849056603774	0.003766458204482531	0	0.011155707335721535
Kamulegu	2019 Q1	women	2019-02-15	270	4	0.014814814814814815	0.007352332982428739	4.0450696690852786e-4	0.0292251226627211
Kamulegu	2019 Q2	women	2019-05-17	264	2	0.007575757575757576	0.005336539805375724	0	0.01803518339635838
Kamulegu	2019 Q3	women	2019-08-17	272	3	0.011029411764705883	0.006332619753643005	0	0.023441118409633078
Kamulegu	2019 Q4	women	2019-11-16	278	1	0.0035971223021582736	0.003590646829216707	0	0.010634660768625959
Kamulegu	2020 Q1	women	2020-02-15	298	48	0.1610738255033557	0.02129444016679035	0.11933748970550351	0.20281016130120788
Kamulegu	2020 Q2	women	2020-05-17	302	59	0.19536423841059603	0.0228149083332467	0.15064783976684976	0.2400806370543423
Kamulegu	2020 Q3	women	2020-08-16	303	80	0.264026402640264	0.02532406865607059	0.214392140132346	0.31366066514818197
Kamulegu	2020 Q4	women	2020-11-16	311	204	0.6559485530546624	0.02693806453516709	0.6031509167525192	0.7087461893568056
Kamulegu	2021 Q1	women	2021-02-15	323	295	0.913312693498452	0.015656195659137537	0.8826271138716301	0.943998273125274
Kamulegu	2021 Q2	women	2021-05-17	322	307	0.953416149068323	0.01174440474206778	0.9303975387540087	0.9764347593826372
Kamulegu	2021 Q3	women	2021-08-17	335	321	0.9582089552238806	0.010933251124763102	0.9367801767854129	0.9796377336623483
Kamulegu	2021 Q4	women	2021-11-16	347	332	0.9567723342939481	0.010917431085612583	0.9353745625624494	0.9781701060254469
Kamulegu	2022 Q1	women	2022-02-15	347	332	0.9567723342939481	0.010917431085612583	0.9353745625624494	0.9781701060254469
Kamulegu	2022 Q2	women	2022-05-17	350	339	0.9685714285714285	0.009325972385383989	0.9502928585752608	0.9868499985675963
Kamulegu	2022 Q3	women	2022-08-17	253	253	1	0	1	1
Kamulegu	2022 Q4	women	2022-11-16	371	371	1	0	1	1
Kamulegu	2023 Q1	women	2023-02-15	363	362	0.9972451790633609	0.0027510238005316245	0.9918532714937064	1
Kamulegu	2023 Q2	women	2023-05-17	357	357	1	0	1	1
Lwanda	2018 Q1	men	2018-02-15	62	0	0	0	0	0
Lwanda	2018 Q2	men	2018-05-17	60	0	0	0	0	0
Lwanda	2018 Q3	men	2018-08-17	34	0	0	0	0	0
Lwanda	2018 Q4	men	2018-11-16	27	0	0	0	0	0
Lwanda	2019 Q1	men	2019-02-15	86	0	0	0	0	0
Lwanda	2019 Q2	men	2019-05-17	64	51	0.796875	0.05029059839681146	0.6983072383812817	0.8954427616187182
Lwanda	2019 Q3	men	2019-08-17	65	60	0.9230769230769231	0.03305145572489689	0.858297260219505	0.9878565859343412
Lwanda	2019 Q4	men	2019-11-16	71	65	0.9154929577464789	0.03300994345777757	0.8507946574375312	0.9801912580554265
Lwanda	2020 Q1	men	2020-02-15	217	201	0.9262672811059908	0.01774060471261206	0.8914963348053095	0.961038227406672
Lwanda	2020 Q2	men	2020-05-17	224	193	0.8616071428571429	0.023072118516370678	0.8163866215180167	0.9068276641962691
Lwanda	2020 Q3	men	2020-08-16	235	200	0.851063829787234	0.02322454565573682	0.8055445567446837	0.8965831028297844
Lwanda	2020 Q4	men	2020-11-16	229	203	0.8864628820960698	0.020964353272424147	0.845373504722944	0.9275522594691956
Lwanda	2021 Q1	men	2021-02-15	229	203	0.8864628820960698	0.020964353272424147	0.845373504722944	0.9275522594691956
Lwanda	2021 Q2	men	2021-05-17	236	215	0.9110169491525424	0.018533646396982288	0.8746916697122565	0.9473422285928282
Lwanda	2021 Q3	men	2021-08-17	250	219	0.876	0.02084456763763643	0.8351453981569235	0.9168546018430765
Lwanda	2021 Q4	men	2021-11-16	252	226	0.8968253968253969	0.019161966756511297	0.859268632109681	0.9343821615411128
Lwanda	2022 Q1	men	2022-02-15	251	239	0.952191235059761	0.013467252140642254	0.9257959058933822	0.9785865642261398
Lwanda	2022 Q2	men	2022-05-17	246	236	0.959349593495935	0.012590800447752284	0.9346720780818097	0.9840271089100602
Lwanda	2022 Q3	men	2022-08-17	240	230	0.9583333333333334	0.012898733070143543	0.9330522810696563	0.9836143855970104
Lwanda	2022 Q4	men	2022-11-16	243	241	0.9917695473251029	0.005795809584463192	0.980409969278303	1
Lwanda	2023 Q1	men	2023-02-15	244	242	0.9918032786885246	0.005772154423204329	0.9804900639058405	1
Lwanda	2023 Q2	men	2023-05-17	246	244	0.991869918699187	0.005725418676370898	0.980648304297087	1
Lwanda	2018 Q1	women	2018-02-15	149	0	0	0	0	0
Lwanda	2018 Q2	women	2018-05-17	122	0	0	0	0	0
Lwanda	2018 Q3	women	2018-08-17	74	0	0	0	0	0
Lwanda	2018 Q4	women	2018-11-16	43	0	0	0	0	0
Lwanda	2019 Q1	women	2019-02-15	49	0	0	0	0	0
Lwanda	2019 Q2	women	2019-05-17	92	85	0.9239130434782609	0.027642463311432514	0.8697348109438834	0.9780912760126383
Lwanda	2019 Q3	women	2019-08-17	120	101	0.8416666666666667	0.03332465164720266	0.7763515496408061	0.9069817836925272
Lwanda	2019 Q4	women	2019-11-16	135	124	0.9185185185185185	0.023545424916462516	0.87237033368156	0.964666703355477
Lwanda	2020 Q1	women	2020-02-15	445	428	0.9617977528089887	0.009086702903924949	0.9439881423790802	0.9796073632388971
Lwanda	2020 Q2	women	2020-05-17	450	431	0.9577777777777777	0.009479745211395546	0.9391978185808264	0.976357736974729
Lwanda	2020 Q3	women	2020-08-16	461	432	0.9370932754880694	0.011308095934890685	0.9149298147219599	0.959256736254179
Lwanda	2020 Q4	women	2020-11-16	464	449	0.9676724137931034	0.00821092015940224	0.9515793060007411	0.9837655215854657
Lwanda	2021 Q1	women	2021-02-15	473	455	0.9619450317124736	0.00879731696511483	0.9447026073002653	0.9791874561246818
Lwanda	2021 Q2	women	2021-05-17	470	458	0.9744680851063829	0.007275730016086585	0.9602079163136162	0.9887282538991496
Lwanda	2021 Q3	women	2021-08-17	486	466	0.9588477366255144	0.00901059671017068	0.9411872915943648	0.976508181656664
Lwanda	2021 Q4	women	2021-11-16	478	465	0.9728033472803347	0.007439715149610614	0.9582217735318609	0.9873849210288085
Lwanda	2022 Q1	women	2022-02-15	492	486	0.9878048780487805	0.0049481870195163995	0.9781066097017598	0.9975031463958012
Lwanda	2022 Q2	women	2022-05-17	482	480	0.995850622406639	0.0029279594593042513	0.9901119273182093	1
Lwanda	2022 Q3	women	2022-08-17	492	491	0.9979674796747967	0.0020304537051211223	0.9939878635404834	1
Lwanda	2022 Q4	women	2022-11-16	502	499	0.9940239043824701	0.0034399753018141952	0.987281676683207	1
Lwanda	2023 Q1	women	2023-02-15	507	504	0.9940828402366864	0.0034061514672498417	0.9874069060349884	1
Lwanda	2023 Q2	women	2023-05-17	508	505	0.9940944881889764	0.0033994663607601573	0.987431656555231	1
Kifamba	2018 Q1	men	2018-02-15	22	0	0	0	0	0
Kifamba	2018 Q2	men	2018-05-17	6	0	0	0	0	0
Kifamba	2018 Q3	men	2018-08-17	16	0	0	0	0	0
Kifamba	2018 Q4	men	2018-11-16	40	0	0	0	0	0
Kifamba	2019 Q1	men	2019-02-15	66	0	0	0	0	0
Kifamba	2019 Q2	men	2019-05-17	91	0	0	0	0	0
Kifamba	2019 Q3	men	2019-08-17	99	0	0	0	0	0
Kifamba	2019 Q4	men	2019-11-16	95	2	0.021052631578947368	0.014728925455696273	0	0.04992079500308726
Kifamba	2020 Q1	men	2020-02-15	80	14	0.175	0.04248161366991607	0.09173756720182007	0.2582624327981799
Kifamba	2020 Q2	men	2020-05-17	78	18	0.23076923076923078	0.047705667149695555	0.13726784129737193	0.3242706202410896
Kifamba	2020 Q3	men	2020-08-16	85	22	0.25882352941176473	0.04750652091891015	0.16571245937990217	0.35193459944362726
Kifamba	2020 Q4	men	2020-11-16	89	31	0.34831460674157305	0.05050214607432805	0.2493322192939092	0.44729699418923685
Kifamba	2021 Q1	men	2021-02-15	91	73	0.8021978021978022	0.041757606183075884	0.7203543979983664	0.884041206397238
Kifamba	2021 Q2	men	2021-05-17	90	80	0.8888888888888888	0.03312693299999689	0.8239612932906235	0.9538164844871542
Kifamba	2021 Q3	men	2021-08-17	96	88	0.9166666666666666	0.028208466682763757	0.8613790879093516	0.9719542454239816
Kifamba	2021 Q4	men	2021-11-16	96	93	0.96875	0.017758049084617	0.9339448633584562	1
Kifamba	2022 Q1	men	2022-02-15	97	97	1	0	1	1
Kifamba	2022 Q2	men	2022-05-17	106	104	0.9811320754716981	0.01321517350891462	0.9552308113447776	1
Kifamba	2022 Q3	men	2022-08-17	108	107	0.9907407407407407	0.009216292627144525	0.9726771391205554	1
Kifamba	2022 Q4	men	2022-11-16	107	106	0.9906542056074766	0.009302019939262133	0.9724225815430494	1
Kifamba	2023 Q1	men	2023-02-15	107	106	0.9906542056074766	0.009302019939262133	0.9724225815430494	1
Kifamba	2023 Q2	men	2023-05-17	109	107	0.981651376146789	0.012854853742188893	0.9564563257855688	1
Kifamba	2018 Q1	women	2018-02-15	30	0	0	0	0	0
Kifamba	2018 Q2	women	2018-05-17	20	0	0	0	0	0
Kifamba	2018 Q3	women	2018-08-17	40	0	0	0	0	0
Kifamba	2018 Q4	women	2018-11-16	94	0	0	0	0	0
Kifamba	2019 Q1	women	2019-02-15	152	0	0	0	0	0
Kifamba	2019 Q2	women	2019-05-17	184	0	0	0	0	0
Kifamba	2019 Q3	women	2019-08-17	195	0	0	0	0	0
Kifamba	2019 Q4	women	2019-11-16	181	5	0.027624309392265192	0.012182136846111153	0.003747759919148972	0.0515008588653814
Kifamba	2020 Q1	women	2020-02-15	160	11	0.06875	0.02000366177416025	0.02954354336372532	0.10795645663627468
Kifamba	2020 Q2	women	2020-05-17	170	15	0.08823529411764706	0.021753948524567343	0.04559833848795683	0.1308722497473373
Kifamba	2020 Q3	women	2020-08-16	189	20	0.10582010582010581	0.0223751339476736	0.06196564913340604	0.14967456250680558
Kifamba	2020 Q4	women	2020-11-16	159	24	0.1509433962264151	0.02839074693823693	0.0952985547332799	0.20658823771955026
Kifamba	2021 Q1	women	2021-02-15	165	76	0.46060606060606063	0.03880394524920361	0.3845517254595574	0.5366603957525639
Kifamba	2021 Q2	women	2021-05-17	172	129	0.75	0.033016908987210894	0.6852880475042298	0.8147119524957702
Kifamba	2021 Q3	women	2021-08-17	183	161	0.8797814207650273	0.024040729606425733	0.8326624565743671	0.9269003849556875
Kifamba	2021 Q4	women	2021-11-16	196	183	0.9336734693877551	0.017775143437692712	0.8988348284298439	0.9685121103456663
Kifamba	2022 Q1	women	2022-02-15	201	198	0.9850746268656716	0.00855261921160726	0.968311801237436	1
Kifamba	2022 Q2	women	2022-05-17	210	208	0.9904761904761905	0.006702205243323767	0.9773401095822805	1
Kifamba	2022 Q3	women	2022-08-17	208	205	0.9855769230769231	0.00826689754822366	0.9693741016185223	1
Kifamba	2022 Q4	women	2022-11-16	212	212	1	0	1	1
Kifamba	2023 Q1	women	2023-02-15	209	209	1	0	1	1
Kifamba	2023 Q2	women	2023-05-17	211	209	0.990521327014218	0.006670593223515032	0.9774472045406116	1
Kasaali	2018 Q1	men	2018-02-15	306	0	0	0	0	0
Kasaali	2018 Q2	men	2018-05-17	317	0	0	0	0	0
Kasaali	2018 Q3	men	2018-08-17	323	0	0	0	0	0
Kasaali	2018 Q4	men	2018-11-16	318	1	0.0031446540880503146	0.003139705770133386	0	0.009298364319564344
Kasaali	2019 Q1	men	2019-02-15	322	0	0	0	0	0
Kasaali	2019 Q2	men	2019-05-17	321	2	0.006230529595015576	0.004391903516515799	0	0.014838502310961354
Kasaali	2019 Q3	men	2019-08-17	329	11	0.03343465045592705	0.009910967583142137	0.01400951094102448	0.052859789970829615
Kasaali	2019 Q4	men	2019-11-16	334	26	0.07784431137724551	0.014660282259849807	0.04911068614474842	0.1065779366097426
Kasaali	2020 Q1	men	2020-02-15	352	287	0.8153409090909091	0.02068157605746701	0.7748057648747478	0.8558760533070703
Kasaali	2020 Q2	men	2020-05-17	357	298	0.834733893557423	0.019657659749970854	0.7962055884271375	0.8732621986877085
Kasaali	2020 Q3	men	2020-08-16	361	302	0.8365650969529086	0.019461157814249737	0.7984219285395289	0.8747082653662883
Kasaali	2020 Q4	men	2020-11-16	363	319	0.8787878787878788	0.01713017273294548	0.8452133571823556	0.912362400393402
Kasaali	2021 Q1	men	2021-02-15	372	346	0.9301075268817204	0.013219356461945655	0.90419806431751	0.9560169894459307
Kasaali	2021 Q2	men	2021-05-17	376	356	0.9468085106382979	0.011573327141326981	0.9241252062599971	0.9694918150165986
Kasaali	2021 Q3	men	2021-08-17	380	360	0.9473684210526315	0.011454888159631768	0.924917252812819	0.969819589292444
Kasaali	2021 Q4	men	2021-11-16	372	359	0.9650537634408602	0.009521480682139512	0.946392004224373	0.9837155226573475
Kasaali	2022 Q1	men	2022-02-15	373	363	0.9731903485254692	0.008363538584058642	0.9567981141174031	0.9895825829335352
Kasaali	2022 Q2	men	2022-05-17	381	370	0.9711286089238845	0.008578468109220128	0.9543151203872877	0.9879420974604813
Kasaali	2022 Q3	men	2022-08-17	381	378	0.9921259842519685	0.004528131846118221	0.983251008916328	1
Kasaali	2022 Q4	men	2022-11-16	391	388	0.9923273657289002	0.004412770630852671	0.9836784942203929	1
Kasaali	2023 Q1	men	2023-02-15	389	384	0.987146529562982	0.005711184790290905	0.9759528130649588	0.9983402460610051
Kasaali	2023 Q2	men	2023-05-17	388	383	0.9871134020618557	0.005725808260534436	0.9758910240888263	0.9983357800348851
Kasaali	2018 Q1	women	2018-02-15	630	1	0.0015873015873015873	0.0015860413238338996	0	0.004695885460008258
Kasaali	2018 Q2	women	2018-05-17	642	1	0.001557632398753894	0.0015564188166461983	0	0.004608157224240891
Kasaali	2018 Q3	women	2018-08-17	653	2	0.0030627871362940277	0.0021623984440924493	0	0.0073010102069406765
Kasaali	2018 Q4	women	2018-11-16	356	2	0.0056179775280898875	0.003961335554131498	0	0.013382052544865639
Kasaali	2019 Q1	women	2019-02-15	991	3	0.0030272452068617556	0.0017451333493409972	0	0.006447643719789865
Kasaali	2019 Q2	women	2019-05-17	672	2	0.002976190476190476	0.0021013504609139325	0	0.007094761698478425
Kasaali	2019 Q3	women	2019-08-17	680	107	0.15735294117647058	0.01396387108595864	0.12998425676323144	0.18472162558970973
Kasaali	2019 Q4	women	2019-11-16	688	183	0.26598837209302323	0.016845681162941974	0.23297144371861214	0.2990053004674343
Kasaali	2020 Q1	women	2020-02-15	738	210	0.2845528455284553	0.016608945724807034	0.251999910086653	0.31710578097025754
Kasaali	2020 Q2	women	2020-05-17	759	218	0.2872200263504611	0.016423443301364197	0.2550306689776517	0.31940938372327055
Kasaali	2020 Q3	women	2020-08-16	766	253	0.3302872062663185	0.016993224254165586	0.29698109874694145	0.3635933137856956
Kasaali	2020 Q4	women	2020-11-16	782	367	0.46930946291560105	0.017846249110998216	0.4343314573989146	0.5042874684322876
Kasaali	2021 Q1	women	2021-02-15	792	565	0.7133838383838383	0.016067539643570262	0.681892039362271	0.7448756374054056
Kasaali	2021 Q2	women	2021-05-17	786	655	0.8333333333333334	0.01329298390047284	0.8072795636413358	0.859387103025331
Kasaali	2021 Q3	women	2021-08-17	789	699	0.8859315589353612	0.011317339334146085	0.8637499814396163	0.908113136431106
Kasaali	2021 Q4	women	2021-11-16	790	727	0.920253164556962	0.009638220178142495	0.9013626001327355	0.9391437289811886
Kasaali	2022 Q1	women	2022-02-15	802	753	0.9389027431421446	0.008457343609287842	0.9223266542630605	0.9554788320212287
Kasaali	2022 Q2	women	2022-05-17	810	774	0.9555555555555556	0.0072409275548716906	0.9413635983333434	0.9697475127777678
Kasaali	2022 Q3	women	2022-08-17	814	796	0.9778869778869779	0.005154139621784517	0.9677850498569893	0.9879889059169664
Kasaali	2022 Q4	women	2022-11-16	819	804	0.9816849816849816	0.004685412170007651	0.972501742579041	0.9908682207909223
Kasaali	2023 Q1	women	2023-02-15	829	813	0.9806996381182147	0.004778300609057115	0.971334341017157	0.9900649352192724
Kasaali	2023 Q2	women	2023-05-17	821	811	0.9878197320341048	0.0038282094538601044	0.9803165793792632	0.9953228846889464
RHSP	2018 Q1	men	2018-02-15	860	1	0.0011627906976744186	0.001162114459933202	0	0.0034404931850567097
RHSP	2018 Q2	men	2018-05-17	899	1	0.0011123470522803114	0.0011117282221616064	0	0.0032912943283138034
RHSP	2018 Q3	men	2018-08-17	946	2	0.0021141649048625794	0.0014933592294485976	0	0.0050410952105623165
RHSP	2018 Q4	men	2018-11-16	938	10	0.010660980810234541	0.00335327931948034	0.004088674113950094	0.017233287506518986
RHSP	2019 Q1	men	2019-02-15	923	5	0.005417118093174431	0.0024160381699186435	6.817702948598266e-4	0.010152465891489035
RHSP	2019 Q2	men	2019-05-17	966	6	0.006211180124223602	0.0025278165452064585	0.0012567507360944788	0.011165609512352724
RHSP	2019 Q3	men	2019-08-17	962	19	0.01975051975051975	0.0044861112442450965	0.010957903281159193	0.028543136219880305
RHSP	2019 Q4	men	2019-11-16	955	585	0.612565445026178	0.01576426539490182	0.5816680526094394	0.6434628374429167
RHSP	2020 Q1	men	2020-02-15	1000	853	0.853	0.011197812286335219	0.8310526912131428	0.8749473087868571
RHSP	2020 Q2	men	2020-05-17	884	755	0.8540723981900452	0.011873805576508393	0.8308001669006579	0.8773446294794325
RHSP	2020 Q3	men	2020-08-16	890	766	0.8606741573033708	0.011607540761592277	0.8379237954615694	0.8834245191451723
RHSP	2020 Q4	men	2020-11-16	934	888	0.9507494646680942	0.007080518867423077	0.9368719026960887	0.9646270266400997
RHSP	2021 Q1	men	2021-02-15	957	920	0.9613375130616509	0.006231991739975037	0.9491230336993488	0.9735519924239531
RHSP	2021 Q2	men	2021-05-17	951	922	0.9695057833859095	0.00557562663505046	0.9585777559899684	0.9804338107818507
RHSP	2021 Q3	men	2021-08-17	967	936	0.96794208893485	0.005664727983448294	0.9568394261050751	0.9790447517646249
RHSP	2021 Q4	men	2021-11-16	742	718	0.967654986522911	0.006494743217499928	0.9549255237277754	0.9803844493180467
RHSP	2022 Q1	men	2022-02-15	812	791	0.9741379310344828	0.00557011094183587	0.963220714198592	0.9850551478703735
RHSP	2022 Q2	men	2022-05-17	821	803	0.9780755176613886	0.005110687067848653	0.9680587550721506	0.9880922802506266
RHSP	2022 Q3	men	2022-08-17	808	798	0.9876237623762376	0.0038894160723321994	0.9800006469535752	0.9952468777989
RHSP	2022 Q4	men	2022-11-16	725	715	0.9862068965517241	0.004331576721056831	0.9777171621821806	0.9946966309212676
RHSP	2023 Q1	men	2023-02-15	721	709	0.9833564493758669	0.004764428825613239	0.9740183404707604	0.9926945582809733
RHSP	2023 Q2	men	2023-05-17	1031	972	0.9427740058195926	0.007233877338513755	0.9285958667675251	0.95695214487166
RHSP	2018 Q1	women	2018-02-15	1366	2	0.0014641288433382138	0.0010345372530822052	0	0.0034917846000443345
RHSP	2018 Q2	women	2018-05-17	1455	2	0.0013745704467353953	9.712998350856231e-4	0	0.00327828314169291
RHSP	2018 Q3	women	2018-08-17	1525	2	0.0013114754098360656	9.267448557165145e-4	0	0.003127861949898202
RHSP	2018 Q4	women	2018-11-16	1521	11	0.007232084155161078	0.0021726561295839332	0.0029737563903863805	0.011490411919935774
RHSP	2019 Q1	women	2019-02-15	1484	9	0.006064690026954178	0.0020154239422518817	0.0021145316865607564	0.010014848367347598
RHSP	2019 Q2	women	2019-05-17	1545	10	0.006472491909385114	0.0020401470151144244	0.0024738772365939486	0.010471106582176277
RHSP	2019 Q3	women	2019-08-17	1554	25	0.016087516087516088	0.0031915174648147393	0.009832256800448622	0.022342775374583554
RHSP	2019 Q4	women	2019-11-16	1517	752	0.4957152274225445	0.01283693276953024	0.4705553015223032	0.5208751533227858
RHSP	2020 Q1	women	2020-02-15	1570	1067	0.6796178343949044	0.011776513211415877	0.6565362926370691	0.7026993761527397
RHSP	2020 Q2	women	2020-05-17	1403	956	0.6813970064148254	0.01243930742663229	0.6570164118660045	0.7057776009636463
RHSP	2020 Q3	women	2020-08-16	1400	1027	0.7335714285714285	0.011815377019409377	0.7104137151496239	0.7567291419932332
RHSP	2020 Q4	women	2020-11-16	1443	1270	0.8801108801108801	0.008551167538158133	0.8633508997103222	0.896870860511438
RHSP	2021 Q1	women	2021-02-15	1472	1364	0.9266304347826086	0.006796062244869662	0.9133103975459717	0.9399504720192456
RHSP	2021 Q2	women	2021-05-17	1463	1382	0.9446343130553657	0.005979020490386253	0.9329156482313816	0.9563529778793498
RHSP	2021 Q3	women	2021-08-17	1489	1434	0.9630624580255205	0.00488780502783918	0.9534825362075019	0.9726423798435391
RHSP	2021 Q4	women	2021-11-16	1121	1089	0.9714540588760036	0.004973710580607275	0.9617057652684875	0.9812023524835196
RHSP	2022 Q1	women	2022-02-15	1266	1242	0.981042654028436	0.0038327973736125053	0.9735305092161158	0.9885547988407563
RHSP	2022 Q2	women	2022-05-17	1260	1239	0.9833333333333333	0.0036065294500005653	0.9762646655021491	0.9904020011645175
RHSP	2022 Q3	women	2022-08-17	1214	1197	0.985996705107084	0.0033724343625490785	0.9793868552162626	0.9926065549979055
RHSP	2022 Q4	women	2022-11-16	1069	1056	0.9878391019644528	0.003352255233304894	0.9812688024401893	0.9944094014887163
RHSP	2023 Q1	women	2023-02-15	1131	1114	0.9849690539345711	0.0036180382066673296	0.9778778293548133	0.992060278514329
RHSP	2023 Q2	women	2023-05-17	1516	714	0.470976253298153	0.012819984145377182	0.4458495460908392	0.49610296050546676
Mitukula	2018 Q1	men	2018-02-15	58	1	0.017241379310344827	0.017092100489256898	0	0.05074128068942777
Mitukula	2018 Q2	men	2018-05-17	86	4	0.046511627906976744	0.022708541671408348	0.0020037040895893865	0.0910195517243641
Mitukula	2018 Q3	men	2018-08-17	85	0	0	0	0	0
Mitukula	2018 Q4	men	2018-11-16	104	0	0	0	0	0
Mitukula	2019 Q1	men	2019-02-15	119	1	0.008403361344537815	0.008367978613303037	0	0.024804298050013183
Mitukula	2019 Q2	men	2019-05-17	117	30	0.2564102564102564	0.040368392986216306	0.1772896600435131	0.3355308527769997
Mitukula	2019 Q3	men	2019-08-17	153	73	0.477124183006536	0.04038027547006634	0.3979802973993998	0.5562680686136722
Mitukula	2019 Q4	men	2019-11-16	164	119	0.725609756097561	0.03484287360681495	0.6573189787103224	0.7939005334847995
Mitukula	2020 Q1	men	2020-02-15	256	202	0.7890625	0.025498381619427555	0.7390865903618639	0.8390384096381361
Mitukula	2020 Q2	men	2020-05-17	285	234	0.8210526315789474	0.022705220649857406	0.7765512168441917	0.865554046313703
Mitukula	2020 Q3	men	2020-08-16	293	246	0.8395904436860068	0.021439519708110876	0.7975697572122727	0.8816111301597408
Mitukula	2020 Q4	men	2020-11-16	293	264	0.9010238907849829	0.017446147175284473	0.8668300706524401	0.9352177109175257
Mitukula	2021 Q1	men	2021-02-15	298	273	0.9161073825503355	0.016059311855499192	0.88463170969706	0.9475830554036111
Mitukula	2021 Q2	men	2021-05-17	309	298	0.9644012944983819	0.010540634528935151	0.9437420304474696	0.9850605585492941
Mitukula	2021 Q3	men	2021-08-17	319	306	0.9592476489028213	0.011069967983295806	0.93755091034555	0.9809443874600926
Mitukula	2021 Q4	men	2021-11-16	318	306	0.9622641509433962	0.010685888942544417	0.9413201934732144	0.9832081084135781
Mitukula	2022 Q1	men	2022-02-15	331	315	0.9516616314199395	0.011788899830934296	0.928555812333958	0.9747674505059211
Mitukula	2022 Q2	men	2022-05-17	339	327	0.9646017699115044	0.010036099354381923	0.9449313766316502	0.9842721631913586
Mitukula	2022 Q3	men	2022-08-17	346	313	0.9046242774566474	0.015791194781833984	0.8736741044113959	0.9355744505018988
Mitukula	2022 Q4	men	2022-11-16	350	341	0.9742857142857143	0.008460506777203931	0.9577034257114375	0.9908680028599911
Mitukula	2023 Q1	men	2023-02-15	347	343	0.9884726224783862	0.005730372361697958	0.9772412990314545	0.9997039459253179
Mitukula	2023 Q2	men	2023-05-17	355	352	0.9915492957746479	0.004858357058254007	0.982027090916434	1
Mitukula	2018 Q1	women	2018-02-15	102	4	0.0392156862745098	0.01921953056509033	0.0015460985671660044	0.07688527398185359
Mitukula	2018 Q2	women	2018-05-17	126	5	0.03968253968253968	0.017390892463860226	0.005597016794364598	0.07376806257071475
Mitukula	2018 Q3	women	2018-08-17	159	3	0.018867924528301886	0.010790143986395448	0	0.0400162181296384
Mitukula	2018 Q4	women	2018-11-16	154	4	0.025974025974025976	0.01281724081090459	8.526956034760232e-4	0.05109535634457592
Mitukula	2019 Q1	women	2019-02-15	190	7	0.03684210526315789	0.013666086442249406	0.010057068026737937	0.06362714249957784
Mitukula	2019 Q2	women	2019-05-17	191	9	0.04712041884816754	0.015332285509035504	0.017069691449772585	0.07717114624656249
Mitukula	2019 Q3	women	2019-08-17	256	36	0.140625	0.021727144005163075	0.09804058026296503	0.18320941973703495
Mitukula	2019 Q4	women	2019-11-16	299	54	0.1806020066889632	0.022247086304948094	0.13699851877031066	0.2242054946076157
Mitukula	2020 Q1	women	2020-02-15	505	118	0.23366336633663368	0.018830394514245063	0.19675647127403276	0.27057026139923457
Mitukula	2020 Q2	women	2020-05-17	551	112	0.20326678765880218	0.01714406770636067	0.16966503240581907	0.2368685429117853
Mitukula	2020 Q3	women	2020-08-16	551	163	0.2958257713248639	0.019443850209534232	0.25771652519338517	0.3339350174563425
Mitukula	2020 Q4	women	2020-11-16	613	329	0.5367047308319739	0.02014032188510117	0.4972304253001318	0.5761790363638161
Mitukula	2021 Q1	women	2021-02-15	621	456	0.7342995169082126	0.0177250305822311	0.6995590953421686	0.7690399384742566
Mitukula	2021 Q2	women	2021-05-17	629	524	0.8330683624801272	0.014869087763872411	0.803925485979972	0.8622112389802823
Mitukula	2021 Q3	women	2021-08-17	642	591	0.9205607476635514	0.010672748766733475	0.8996425444647096	0.9414789508623933
Mitukula	2021 Q4	women	2021-11-16	665	624	0.9383458646616541	0.009327210007142196	0.9200648689714138	0.9566268603518944
Mitukula	2022 Q1	women	2022-02-15	672	651	0.96875	0.006711911663939254	0.9555948948712648	0.9819051051287352
Mitukula	2022 Q2	women	2022-05-17	674	653	0.9688427299703264	0.006692315287549575	0.9557260330335424	0.9819594269071104
Mitukula	2022 Q3	women	2022-08-17	688	673	0.9781976744186046	0.005567631769286607	0.9672853166716219	0.9891100321655873
Mitukula	2022 Q4	women	2022-11-16	691	681	0.9855282199710564	0.004543143816052851	0.976623821715007	0.9944326182271059
Mitukula	2023 Q1	women	2023-02-15	713	704	0.9873772791023843	0.004180933784912668	0.9791827994622087	0.9955717587425599
Mitukula	2023 Q2	women	2023-05-17	737	730	0.9905020352781547	0.0035728042165969268	0.9834994676898119	0.9975046028664976
Kyanamukaka	2018 Q1	men	2018-02-15	582	1	0.001718213058419244	0.0017167362957412327	0	0.005082954369024762
Kyanamukaka	2018 Q2	men	2018-05-17	551	2	0.003629764065335753	0.002561968417941465	0	0.008651129894030083
Kyanamukaka	2018 Q3	men	2018-08-17	577	2	0.0034662045060658577	0.0024467252306348743	0	0.008261697838175668
Kyanamukaka	2018 Q4	men	2018-11-16	543	0	0	0	0	0
Kyanamukaka	2019 Q1	men	2019-02-15	542	0	0	0	0	0
Kyanamukaka	2019 Q2	men	2019-05-17	558	122	0.21863799283154123	0.017497333177351353	0.18434384997843478	0.2529321356846477
Kyanamukaka	2019 Q3	men	2019-08-17	596	238	0.39932885906040266	0.02006137066410678	0.360009295078245	0.4386484230425603
Kyanamukaka	2019 Q4	men	2019-11-16	552	394	0.7137681159420289	0.019238359580789993	0.6760616240420495	0.7514746078420084
Kyanamukaka	2020 Q1	men	2020-02-15	555	429	0.772972972972973	0.01778174770371947	0.7381213878915049	0.8078245580544409
Kyanamukaka	2020 Q2	men	2020-05-17	568	433	0.7623239436619719	0.01786028270232854	0.7273184328117043	0.7973294545122395
Kyanamukaka	2020 Q3	men	2020-08-16	576	444	0.7708333333333334	0.017512361980756955	0.7365097345668212	0.8051569320998455
Kyanamukaka	2020 Q4	men	2020-11-16	581	466	0.802065404475043	0.016530183700824676	0.7696668397635956	0.8344639691864905
Kyanamukaka	2021 Q1	men	2021-02-15	584	485	0.8304794520547946	0.015526343707405299	0.8000483775766901	0.860910526532899
Kyanamukaka	2021 Q2	men	2021-05-17	567	493	0.8694885361552028	0.014147012301347291	0.841760901555717	0.8972161707546886
Kyanamukaka	2021 Q3	men	2021-08-17	551	513	0.9310344827586207	0.010795010835320147	0.9098766503086735	0.9521923152085678
Kyanamukaka	2021 Q4	men	2021-11-16	530	525	0.9905660377358491	0.00419904809971002	0.9823360546910661	0.998796020780632
Kyanamukaka	2022 Q1	men	2022-02-15	570	532	0.9333333333333333	0.010448052132925049	0.9128555274442034	0.9538111392224633
Kyanamukaka	2022 Q2	men	2022-05-17	558	537	0.9623655913978495	0.00805648294033764	0.9465751749927264	0.9781560078029726
Kyanamukaka	2022 Q3	men	2022-08-17	557	534	0.95870736086175945	0.00843046934928674	0.9421839445643886	0.9752307771591303
Kyanamukaka	2022 Q4	men	2022-11-16	563	528	0.9378330373001776	0.010176264607654967	0.9178879251720243	0.957778149428331
Kyanamukaka	2023 Q1	men	2023-02-15	561	545	0.9714795008912656	0.00702771191992479	0.9577054386344901	0.985253563148041
Kyanamukaka	2023 Q2	men	2023-05-17	557	552	0.9910233393177738	0.003996425747170023	0.9831904887864319	0.9988561898491156
Kyanamukaka	2018 Q1	women	2018-02-15	633	1	0.001579778830963665	0.0015785304871646355	0	0.004673641734304816
Kyanamukaka	2018 Q2	women	2018-05-17	679	2	0.0029455081001472753	0.00207971905396274	0	0.007021682543875958
Kyanamukaka	2018 Q3	women	2018-08-17	634	2	0.0031545741324921135	0.002227099652472281	0	0.007519609241319452
Kyanamukaka	2018 Q4	women	2018-11-16	659	3	0.004552352048558422	0.0026223123792835715	0	0.009691989868167758
Kyanamukaka	2019 Q1	women	2019-02-15	662	2	0.0030211480362537764	0.002133044822005392	0	0.007201839064793993
Kyanamukaka	2019 Q2	women	2019-05-17	686	64	0.09329446064139942	0.011104499931969493	0.07153004070841174	0.1150588805743871
Kyanamukaka	2019 Q3	women	2019-08-17	662	118	0.1782477341389728	0.014874879948907255	0.14909350516475758	0.207401963113188
Kyanamukaka	2019 Q4	women	2019-11-16	683	218	0.3191800878477306	0.017837076204072135	0.2842200608982528	0.3541401147972084
Kyanamukaka	2020 Q1	women	2020-02-15	739	254	0.34370771312584575	0.017471133008024872	0.3094649216610081	0.3779505045906834
Kyanamukaka	2020 Q2	women	2020-05-17	702	262	0.3732193732193732	0.018254557744621633	0.3374410974862081	0.4089976489525383
Kyanamukaka	2020 Q3	women	2020-08-16	669	287	0.4289985052316891	0.019135219711153537	0.3914941637615672	0.46650284670181097
Kyanamukaka	2020 Q4	women	2020-11-16	680	414	0.6088235294117647	0.018714473772927686	0.572143834827207	0.6455032239963223
Kyanamukaka	2021 Q1	women	2021-02-15	691	559	0.808972503617945	0.014954634341551816	0.7796619589065377	0.8382830483293524
Kyanamukaka	2021 Q2	women	2021-05-17	723	610	0.8437067773167358	0.013505065451320809	0.8172373354232909	0.8701762192101807
Kyanamukaka	2021 Q3	women	2021-08-17	746	644	0.8632707774798928	0.01257867158564274	0.8386170341986757	0.8879245207611098
Kyanamukaka	2021 Q4	women	2021-11-16	735	664	0.9034013605442177	0.010896379122178635	0.8820448499028535	0.924757871185582
Kyanamukaka	2022 Q1	women	2022-02-15	738	682	0.924119241192412	0.009747688854730392	0.9050141221046379	0.943224360280186
Kyanamukaka	2022 Q2	women	2022-05-17	752	711	0.9454787234042553	0.00827942102397107	0.9292513563844282	0.9617060904240824
Kyanamukaka	2022 Q3	women	2022-08-17	754	704	0.9336870026525199	0.009061796664760568	0.915926207554364	0.9514477977506758
Kyanamukaka	2022 Q4	women	2022-11-16	774	704	0.9095607235142119	0.010309174920338358	0.8893551119600251	0.9297663350683987
Kyanamukaka	2023 Q1	women	2023-02-15	779	720	0.9242618741976893	0.009479513895762473	0.9056823683710479	0.9428413800243308
Kyanamukaka	2023 Q2	women	2023-05-17	747	735	0.9839357429718876	0.004599952952766679	0.9749200008538862	0.992951485089889
Kabira	2018 Q1	men	2018-02-15	101	9	0.0891089108910891	0.028348697368381665	0.03354648504043564	0.14467133674174257
Kabira	2018 Q2	men	2018-05-17	97	8	0.08247422680412371	0.027930736997962242	0.02773098822645733	0.13721746538179008
Kabira	2018 Q3	men	2018-08-17	96	9	0.09375	0.029749113694780893	0.03544280858624216	0.15205719141375784
Kabira	2018 Q4	men	2018-11-16	74	10	0.13513513513513514	0.03974133092398961	0.05724355782642761	0.21302671244384266
Kabira	2019 Q1	men	2019-02-15	69	13	0.18840579710144928	0.047075186965389	0.09614012608379745	0.2806714681191011
Kabira	2019 Q2	men	2019-05-17	88	24	0.2727272727272727	0.047475724351553956	0.17967656285827577	0.36577798259626965
Kabira	2019 Q3	men	2019-08-17	72	26	0.3611111111111111	0.05660657065109946	0.2501642713466341	0.47205795087558805
Kabira	2019 Q4	men	2019-11-16	99	53	0.5353535353535354	0.05012611645528659	0.43710815241631307	0.6335989182907577
Kabira	2020 Q1	men	2020-02-15	204	127	0.6225490196078431	0.03393922897904346	0.5560293531458599	0.6890686860698264
Kabira	2020 Q2	men	2020-05-17	420	299	0.7119047619047619	0.022098069937380234	0.6685933406996494	0.7552161831098745
Kabira	2020 Q3	men	2020-08-16	441	312	0.7074829931972789	0.021662783929122756	0.6650247168913253	0.7499412695032326
Kabira	2020 Q4	men	2020-11-16	443	320	0.7223476297968398	0.021277566452471478	0.6806443658713379	0.7640508937223415
Kabira	2021 Q1	men	2021-02-15	376	329	0.875	0.01705552571593173	0.8415717838593771	0.9084282161406229
Kabira	2021 Q2	men	2021-05-17	461	417	0.9045553145336226	0.01368494252110974	0.8777333200617468	0.9313773090054984
Kabira	2021 Q3	men	2021-08-17	470	444	0.9446808510638298	0.010544630649095624	0.9240137547613252	0.9653479473663344
Kabira	2021 Q4	men	2021-11-16	471	444	0.9426751592356688	0.010711295642603634	0.9216814055484048	0.9636689129229328
Kabira	2022 Q1	men	2022-02-15	470	445	0.9468085106382979	0.010351498485540178	0.9265199464206182	0.9670970748559775
Kabira	2022 Q2	men	2022-05-17	476	453	0.9516806722689075	0.009828847344594159	0.9324164854639608	0.9709448590738542
Kabira	2022 Q3	men	2022-08-17	485	469	0.9670103092783505	0.008110241842115869	0.9511145273618936	0.9829060911948074
Kabira	2022 Q4	men	2022-11-16	486	478	0.9835390946502057	0.005771710479732208	0.9722267499807382	0.9948514393196732
Kabira	2023 Q1	men	2023-02-15	492	485	0.9857723577235772	0.0053391513880071675	0.9753078132950761	0.9962369021520783
Kabira	2023 Q2	men	2023-05-17	490	489	0.9979591836734694	0.002038732797323288	0.9939633408166151	1
Kabira	2018 Q1	women	2018-02-15	134	11	0.08208955223880597	0.023713283897937178	0.03561236984367552	0.12856673463393642
Kabira	2018 Q2	women	2018-05-17	143	10	0.06993006993006994	0.021326606916828878	0.028130688460642532	0.11172945139949733
Kabira	2018 Q3	women	2018-08-17	145	12	0.08275862068965517	0.022880443598183618	0.037913775286915245	0.1276034660923951
Kabira	2018 Q4	women	2018-11-16	121	14	0.11570247933884298	0.029078891781162474	0.058708898737426754	0.1726960599402592
Kabira	2019 Q1	women	2019-02-15	98	11	0.11224489795918367	0.03188723448138099	0.04974706680909319	0.17474272910927413
Kabira	2019 Q2	women	2019-05-17	102	7	0.06862745098039216	0.025032865446723927	0.0195639362749761	0.11769096568580821
Kabira	2019 Q3	women	2019-08-17	98	9	0.09183673469387756	0.029172734834095482	0.03465922508851335	0.14901424429924176
Kabira	2019 Q4	women	2019-11-16	144	31	0.2152777777777778	0.03425124249295762	0.14814657606583298	0.2824089794897226
Kabira	2020 Q1	women	2020-02-15	304	88	0.2894736842105263	0.026011047144492205	0.2384929686071482	0.34045439981390446
Kabira	2020 Q2	women	2020-05-17	625	248	0.3968	0.01956935400057958	0.3584447709581492	0.4351552290418508
Kabira	2020 Q3	women	2020-08-16	685	274	0.4	0.018718038452349903	0.36331331877215833	0.43668668122784166
Kabira	2020 Q4	women	2020-11-16	666	288	0.43243243243243246	0.01919688662715074	0.3948072260279184	0.4700576388369465
Kabira	2021 Q1	women	2021-02-15	560	370	0.6607142857142857	0.020007628829280658	0.6215000537928503	0.6999285176357211
Kabira	2021 Q2	women	2021-05-17	680	564	0.8294117647058824	0.014424646456741831	0.8011399771609451	0.8576835522508197
Kabira	2021 Q3	women	2021-08-17	704	629	0.8934659090909091	0.011627784269656988	0.87067587070238	0.9162559474794382
Kabira	2021 Q4	women	2021-11-16	701	640	0.912981455064194	0.010645789572638979	0.8921160909148296	0.9338468192135585
Kabira	2022 Q1	women	2022-02-15	708	656	0.9265536723163842	0.009804009083787165	0.9073381676080579	0.9457691770247105
Kabira	2022 Q2	women	2022-05-17	710	664	0.9352112676056338	0.00923794628029423	0.9171052256051413	0.9533173096061263
Kabira	2022 Q3	women	2022-08-17	721	686	0.9514563106796117	0.008003743883628532	0.935769260926217	0.9671433604330063
Kabira	2022 Q4	women	2022-11-16	741	721	0.9730094466936572	0.005953266416321218	0.9613412589272957	0.9846776344600187
Kabira	2023 Q1	women	2023-02-15	757	747	0.9867899603698811	0.004149697906129975	0.978656701927145	0.9949232188126171
Kabira	2023 Q2	women	2023-05-17	754	748	0.9920424403183024	0.0032357086157698022	0.9857005679669276	0.9983843126696771
Kasensero	2018 Q1	men	2018-02-15	304	6	0.019736842105263157	0.007977620665141434	0.004100992919263476	0.03537269129126283
Kasensero	2018 Q2	men	2018-05-17	483	8	0.016563146997929608	0.00580725774924435	0.005181130960469547	0.027945163035389665
Kasensero	2018 Q3	men	2018-08-17	506	9	0.017786561264822136	0.005875890228271236	0.006270028040299677	0.02930309448934459
Kasensero	2018 Q4	men	2018-11-16	388	4	0.010309278350515464	0.005128000034781515	2.585829696235501e-4	0.020359973731407376
Kasensero	2019 Q1	men	2019-02-15	393	2	0.005089058524173028	0.003589339604681733	0	0.012124034877632459
Kasensero	2019 Q2	men	2019-05-17	503	14	0.027833001988071572	0.0073344317192907	0.013457779971193615	0.04220822400494953
Kasensero	2019 Q3	men	2019-08-17	542	25	0.046125461254612546	0.009009824801268917	0.02846652913710972	0.06378439337211536
Kasensero	2019 Q4	men	2019-11-16	523	61	0.11663479923518165	0.014035677214890407	0.089125377395367	0.1441442210749963
Kasensero	2020 Q1	men	2020-02-15	108	45	0.4166666666666667	0.04743958687944258	0.3236867849415003	0.509646548391833
Kasensero	2020 Q2	men	2020-05-17	79	57	0.7215189873417721	0.05043222526222389	0.6226736421676022	0.820364332515942
Kasensero	2020 Q3	men	2020-08-16	248	204	0.8225806451612904	0.02425849762714734	0.7750348634930312	0.8701264268295495
Kasensero	2020 Q4	men	2020-11-16	525	453	0.8628571428571429	0.015013307993564276	0.8334315999009496	0.8922826858133361
Kasensero	2021 Q1	men	2021-02-15	620	569	0.917741935483871	0.011034526119163389	0.8961146617038441	0.9393692092638977
Kasensero	2021 Q2	men	2021-05-17	639	612	0.9577464788732394	0.0079580434481679	0.9421490003274253	0.9733439574190534
Kasensero	2021 Q3	men	2021-08-17	634	601	0.9479495268138801	0.008821863203991451	0.9306589926575177	0.9652400609702425
Kasensero	2021 Q4	men	2021-11-16	640	623	0.9734375	0.006356214183005041	0.9609795491232874	0.9858954508767125
Kasensero	2022 Q1	men	2022-02-15	664	652	0.9819277108433735	0.005169663816710902	0.9717953559504402	0.9920600657363068
Kasensero	2022 Q2	men	2022-05-17	668	662	0.9910179640718563	0.0036503955488095203	0.9838633202668643	0.9981726078768483
Kasensero	2022 Q3	men	2022-08-17	683	677	0.9912152269399708	0.0035705811180008263	0.9842170165448104	0.9982134373351311
Kasensero	2022 Q4	men	2022-11-16	691	685	0.9913169319826338	0.0035294240432327353	0.9843993879717279	0.9982344759935398
Kasensero	2023 Q1	men	2023-02-15	689	684	0.9927431059506531	0.0032335845428558157	0.9864053967056903	0.9990808151956159
Kasensero	2023 Q2	men	2023-05-17	681	678	0.9955947136563876	0.0025377848851149097	0.9906207466810523	1
Kasensero	2018 Q1	women	2018-02-15	336	13	0.03869047619047619	0.01052116959518692	0.018069362708671974	0.05931158967228041
Kasensero	2018 Q2	women	2018-05-17	480	17	0.035416666666666666	0.00843632107676001	0.018881781194200878	0.05195155213913245
Kasensero	2018 Q3	women	2018-08-17	481	13	0.02702702702702703	0.007393958150068431	0.012535135349696502	0.04151891870435755
Kasensero	2018 Q4	women	2018-11-16	387	11	0.028423772609819122	0.008447414747629065	0.011867143941993646	0.04498040127764459
Kasensero	2019 Q1	women	2019-02-15	426	10	0.023474178403755867	0.007335542990617237	0.009096778335100844	0.037851578472410885
Kasensero	2019 Q2	women	2019-05-17	547	17	0.031078610603290677	0.007419615605512482	0.01653643123735487	0.045620789969226486
Kasensero	2019 Q3	women	2019-08-17	583	23	0.03945111492281304	0.008062228436705706	0.02364943755173519	0.05525279229389088
Kasensero	2019 Q4	women	2019-11-16	567	38	0.06701940035273368	0.010501347887710368	0.04643713670369559	0.08760166400177177
Kasensero	2020 Q1	women	2020-02-15	145	36	0.2482758620689655	0.035876700573211094	0.17795882106134425	0.3185929030765867
Kasensero	2020 Q2	women	2020-05-17	90	31	0.34444444444444444	0.0500890838779383	0.2462716440250795	0.4426172448638093
Kasensero	2020 Q3	women	2020-08-16	256	106	0.4140625	0.030784961457320535	0.35372508427819804	0.4743999157218019
Kasensero	2020 Q4	women	2020-11-16	533	283	0.5309568480300187	0.02161585450899254	0.4885905516973356	0.5733231443627018
Kasensero	2021 Q1	women	2021-02-15	658	466	0.7082066869300911	0.0177216735539445	0.673472845018584	0.7429405288415983
Kasensero	2021 Q2	women	2021-05-17	672	556	0.8273809523809523	0.014578487903441992	0.7988076411411532	0.8559542636207514
Kasensero	2021 Q3	women	2021-08-17	665	592	0.8902255639097745	0.012122433641824932	0.8664660305668209	0.913985097252728
Kasensero	2021 Q4	women	2021-11-16	675	634	0.9392592592592592	0.00919350037355352	0.9212403296352388	0.9572781888832796
Kasensero	2022 Q1	women	2022-02-15	676	650	0.9615384615384616	0.007396449704142009	0.9470416865048813	0.9760352365720418
Kasensero	2022 Q2	women	2022-05-17	679	660	0.9720176730486009	0.00632913132143137	0.959612803605171	0.9844225424920308
Kasensero	2022 Q3	women	2022-08-17	668	646	0.9670658682634731	0.006904987642728954	0.9535323411700302	0.980599395356916
Kasensero	2022 Q4	women	2022-11-16	681	672	0.986784140969163	0.004376079703298849	0.9782071823572205	0.9953610995811055
Kasensero	2023 Q1	women	2023-02-15	682	671	0.9838709677419355	0.004823708338571612	0.9744166731264096	0.9933252623574614
Kakuuto	2018 Q1	men	2018-02-15	767	0	0	0	0	0
Kakuuto	2018 Q2	men	2018-05-17	796	0	0	0	0	0
Kakuuto	2018 Q3	men	2018-08-17	805	6	0.007453416149068323	0.0030314833990112674	0.001511817867275173	0.013395014430861472
Kakuuto	2018 Q4	men	2018-11-16	784	2	0.002551020408163265	0.0018015415391112598	0	0.00608197694147419
Kakuuto	2019 Q1	men	2019-02-15	797	6	0.0075282308657465494	0.003061796941198495	0.0015272191330225988	0.0135292425984705
Kakuuto	2019 Q2	men	2019-05-17	1628	340	0.20884520884520885	0.01007432110331188	0.18909990231402574	0.22859051537639197
Kakuuto	2019 Q3	men	2019-08-17	805	6	0.007453416149068323	0.0030314833990112674	0.001511817867275173	0.013395014430861472
Kakuuto	2019 Q4	men	2019-11-16	826	569	0.6888619854721549	0.016108408104929497	0.65729008573822	0.7204338852060899
Kakuuto	2020 Q1	men	2020-02-15	840	623	0.7416666666666667	0.015102712710534196	0.7120658936851644	0.771267439648169
Kakuuto	2020 Q2	men	2020-05-17	851	633	0.7438307873090482	0.014963588676759662	0.7145026924231279	0.7731588821949684
Kakuuto	2020 Q3	men	2020-08-16	835	640	0.7664670658682635	0.014641230552957648	0.7377707812951191	0.795163350441408
Kakuuto	2020 Q4	men	2020-11-16	833	666	0.7995198079231692	0.013871641235492931	0.7723318906951424	0.8267077251511961
Kakuuto	2021 Q1	men	2021-02-15	864	758	0.8773148148148148	0.011161355003346142	0.8554389609895904	0.8991906686400392
Kakuuto	2021 Q2	men	2021-05-17	873	808	0.9255441008018328	0.008884663689785627	0.9081304799551022	0.9429577216485634
Kakuuto	2021 Q3	men	2021-08-17	877	831	0.9475484606613455	0.007528007406148328	0.9327938372699439	0.962303084052747
Kakuuto	2021 Q4	men	2021-11-16	872	836	0.9587155963302753	0.006737203439657987	0.9455109202320262	0.9719202724285243
Kakuuto	2022 Q1	men	2022-02-15	891	864	0.9696969696969697	0.0057427802385349586	0.9584413272583129	0.9809526121356266
Kakuuto	2022 Q2	men	2022-05-17	905	881	0.9734806629834254	0.005340976981496878	0.9630125404574341	0.9839487855094167
Kakuuto	2022 Q3	men	2022-08-17	927	911	0.982740021574973	0.004277594164206226	0.9743560910726501	0.9911239520772959
Kakuuto	2022 Q4	men	2022-11-16	952	937	0.9842436974789915	0.004036082197908261	0.9763331217324481	0.992154273225535
Kakuuto	2023 Q1	men	2023-02-15	972	958	0.98559670781893	0.003821618890180797	0.9781064724315378	0.9930869432063223
Kakuuto	2023 Q2	men	2023-05-17	971	961	0.9897013388259527	0.0032399092738930476	0.983351233335945	0.9960514443159604
Kakuuto	2018 Q1	women	2018-02-15	1417	0	0	0	0	0
Kakuuto	2018 Q2	women	2018-05-17	1432	0	0	0	0	0
Kakuuto	2018 Q3	women	2018-08-17	1437	10	0.006958942240779402	0.0021929404294186955	0.0026608579788769586	0.011257026502681844
Kakuuto	2018 Q4	women	2018-11-16	1425	8	0.005614035087719298	0.00197928175839748	0.0017347141260031286	0.009493356049435466
Kakuuto	2019 Q1	women	2019-02-15	1432	12	0.008379888268156424	0.002408908301378048	0.0036585147553958924	0.013101261780916956
Kakuuto	2019 Q2	women	2019-05-17	1452	160	0.11019283746556474	0.008217530479889617	0.09408677368312095	0.12629890124800852
Kakuuto	2019 Q3	women	2019-08-17	1465	371	0.25324232081911263	0.011361591719150558	0.23097401024252903	0.27551063139569626
Kakuuto	2019 Q4	women	2019-11-16	1479	585	0.39553752535496955	0.012714357873679033	0.3706178418360054	0.42045720887393373
Kakuuto	2020 Q1	women	2020-02-15	1533	630	0.410958904109589	0.012566111751127953	0.3863297776516727	0.43558803056750534
Kakuuto	2020 Q2	women	2020-05-17	1511	639	0.4228987425545996	0.012709017421716953	0.3979895261291423	0.4478079589800569
Kakuuto	2020 Q3	women	2020-08-16	1453	643	0.4425326909841707	0.013030154777018655	0.4169940569082316	0.4680713250601098
Kakuuto	2020 Q4	women	2020-11-16	1496	841	0.5621657754010695	0.012826886669682848	0.5370255394947142	0.5873060113074248
Kakuuto	2021 Q1	women	2021-02-15	1555	1197	0.7697749196141479	0.010675617341643347	0.7488510941117957	0.7906987451165001
Kakuuto	2021 Q2	women	2021-05-17	1548	1363	0.8804909560723514	0.00824474746061831	0.8643315479879115	0.8966503641567913
Kakuuto	2021 Q3	women	2021-08-17	1555	1430	0.9196141479099679	0.006894891481103991	0.906100408929692	0.9331278868902437
Kakuuto	2021 Q4	women	2021-11-16	1570	1465	0.9331210191082803	0.0063046935709291305	0.9207640467756979	0.9454779914408626
Kakuuto	2022 Q1	women	2022-02-15	1577	1508	0.9562460367786937	0.005150835451546906	0.9461505848033697	0.9663414887540177
Kakuuto	2022 Q2	women	2022-05-17	1580	1363	0.8626582278481013	0.00865948699675002	0.8456859452098784	0.8796305104863242
Kakuuto	2022 Q3	women	2022-08-17	1659	1620	0.976491862567812	0.0037198054959178663	0.9692011777663188	0.9837825473693051
Kakuuto	2022 Q4	women	2022-11-16	1686	1651	0.9792408066429419	0.0034723316857462965	0.9724351615965019	0.9860464516893819
Kakuuto	2023 Q1	women	2023-02-15	1708	1682	0.9847775175644028	0.0029625648802760304	0.9789709970971986	0.990584038031607
Kakuuto	2023 Q2	women	2023-05-17	1729	1708	0.9878542510121457	0.0026342748805973436	0.9826911671207964	0.9930173349034951
Lyantonde	2018 Q1	men	2018-02-15	1362	98	0.07195301027900147	0.007001980766051714	0.058229380157097936	0.085676640400905
Lyantonde	2018 Q2	men	2018-05-17	1284	124	0.09657320872274143	0.008243132895779886	0.08041696512723549	0.11272945231824737
Lyantonde	2018 Q3	men	2018-08-17	1272	162	0.12735849056603774	0.00934734623519151	0.10903802859403632	0.14567895253803914
Lyantonde	2018 Q4	men	2018-11-16	1308	198	0.15137614678899083	0.009910201126630408	0.13195250950124698	0.17079978407673468
Lyantonde	2019 Q1	men	2019-02-15	1293	544	0.42072699149265275	0.013729115902017853	0.39381841878512164	0.44763556420018386
Lyantonde	2019 Q2	men	2019-05-17	1278	678	0.5305164319248826	0.013960282006295031	0.5031547819785218	0.5578780818712434
Lyantonde	2019 Q3	men	2019-08-17	1279	694	0.5426114151681001	0.0139300235792124	0.5153090706490501	0.5699137596871501
Lyantonde	2019 Q4	men	2019-11-16	1284	922	0.7180685358255452	0.012556604351382256	0.6934580435287171	0.7426790281223733
Lyantonde	2020 Q1	men	2020-02-15	1197	1152	0.9624060150375939	0.005497829544933154	0.9516304671363847	0.9731815629388031
Lyantonde	2020 Q2	men	2020-05-17	1324	1279	0.966012084592145	0.004979773060967108	0.9562519087414667	0.9757722604428234
Lyantonde	2020 Q3	men	2020-08-16	1575	1537	0.9758730158730159	0.003866409906411099	0.9682949917069813	0.9834510400390505
Lyantonde	2020 Q4	men	2020-11-16	1571	1543	0.982176957352005	0.0033380873820668057	0.9756344263059065	0.9887194883981036
Lyantonde	2021 Q1	men	2021-02-15	1290	1257	0.9744186046511628	0.004395821444417033	0.9658029529376366	0.983034256364689
Lyantonde	2021 Q2	men	2021-05-17	1950	1922	0.9856410256410256	0.0026940384531103628	0.9803608072999633	0.9909212439820879
Lyantonde	2021 Q3	men	2021-08-17	1435	1413	0.9846689895470383	0.00324343030131362	0.9783119829700977	0.9910259961239789
Lyantonde	2021 Q4	men	2021-11-16	1475	1452	0.984406779661017	0.003225961616555093	0.9780840110770603	0.9907295482449736
Lyantonde	2022 Q1	men	2022-02-15	1545	1531	0.9909385113268608	0.002410787258941415	0.9862134551249476	0.995663567528774
Lyantonde	2022 Q2	men	2022-05-17	1343	1310	0.9754281459419211	0.004224531947552925	0.9671482154731785	0.9837080764106636
Lyantonde	2022 Q3	men	2022-08-17	1482	1467	0.9898785425101214	0.002600090000020108	0.9847824597535193	0.9949746252667235
Lyantonde	2022 Q4	men	2022-11-16	1464	1457	0.9952185792349727	0.0018028814937943172	0.9916849964387421	0.9987521620312033
Lyantonde	2023 Q1	men	2023-02-15	1496	1484	0.9919786096256684	0.0023062701777727167	0.9874584031386151	0.9964988161127217
Lyantonde	2023 Q2	men	2023-05-17	1502	1490	0.9920106524633822	0.002297094480201027	0.9875084300131024	0.9965128749136619
Lyantonde	2018 Q1	women	2018-02-15	2428	22	0.009060955518945634	0.001923030304897478	0.005291885380167498	0.012830025657723768
Lyantonde	2018 Q2	women	2018-05-17	2345	38	0.0162046908315565	0.0026073619592634515	0.011094355296740344	0.021315026366372655
Lyantonde	2018 Q3	women	2018-08-17	2341	51	0.021785561725758223	0.003017176445972369	0.01587200455664982	0.027699118894866624
Lyantonde	2018 Q4	women	2018-11-16	2437	67	0.027492819039803038	0.003312289444290858	0.021000851022620767	0.03398478705698531
Lyantonde	2019 Q1	women	2019-02-15	2402	228	0.09492089925062448	0.005980502672283315	0.08319932940350364	0.10664246909774533
Lyantonde	2019 Q2	women	2019-05-17	2360	322	0.13644067796610168	0.007065811076617167	0.12259194273436785	0.1502894131978355
Lyantonde	2019 Q3	women	2019-08-17	2372	472	0.19898819561551434	0.008197393305633788	0.1829215999693624	0.2150547912616663
Lyantonde	2019 Q4	women	2019-11-16	2369	723	0.3051920641620937	0.009460987593983717	0.2866488692197054	0.32373525910448203
Lyantonde	2020 Q1	women	2020-02-15	2424	2374	0.9793729372937293	0.002886864740914599	0.9737147863732981	0.9850310882141605
Lyantonde	2020 Q2	women	2020-05-17	2339	2297	0.9820436083796494	0.002745742525819977	0.9766620519182222	0.9874251648410767
Lyantonde	2020 Q3	women	2020-08-16	2189	2156	0.9849246231155779	0.0026044300993938994	0.9798200339205139	0.990029212310642
Lyantonde	2020 Q4	women	2020-11-16	2189	2137	0.9762448606669712	0.003254882314307164	0.9698654085570129	0.9826243127769296
Lyantonde	2021 Q1	women	2021-02-15	2520	2479	0.9837301587301587	0.002520167348853716	0.9787907214913916	0.9886695959689258
Lyantonde	2021 Q2	women	2021-05-17	1915	1895	0.9895561357702349	0.0023230921513049075	0.9850029588209096	0.9941093127195603
Lyantonde	2021 Q3	women	2021-08-17	2423	2405	0.9925711927362774	0.0017444706688004342	0.9891520930533421	0.9959902924192127
Lyantonde	2021 Q4	women	2021-11-16	2419	2403	0.9933856965688301	0.0016480981587391286	0.9901554835347147	0.9966159096029455
Lyantonde	2022 Q1	women	2022-02-15	2435	2418	0.9930184804928132	0.0016873460556514873	0.9897113429942805	0.9963256179913458
Lyantonde	2022 Q2	women	2022-05-17	2661	2519	0.9466366027809094	0.004357033951432747	0.9380969731566831	0.9551762324051358
Lyantonde	2022 Q3	women	2022-08-17	2574	2545	0.9887334887334888	0.0020803196842066355	0.984656137076114	0.9928108403908635
Lyantonde	2022 Q4	women	2022-11-16	2607	2582	0.9904104334484082	0.0019086951789459058	0.986669459640209	0.9941514072566073
Lyantonde	2023 Q1	women	2023-02-15	2674	2644	0.9887808526551982	0.0020368040430217963	0.9847887900873099	0.9927729152230865
Lyantonde	2023 Q2	women	2023-05-17	2698	2688	0.9962935507783544	0.0011699080092537255	0.9940005732149921	0.9985865283417166
TASO	2018 Q1	men	2018-02-15	2130	866	0.40657276995305164	0.01064297587769596	0.385712920544439	0.42743261936166427
TASO	2018 Q2	men	2018-05-17	2225	987	0.4435955056179775	0.010532315878233058	0.42295254582284136	0.46423846541311364
TASO	2018 Q3	men	2018-08-17	2337	1074	0.4595635430038511	0.010308981194022382	0.4393583111462665	0.4797687748614357
TASO	2018 Q4	men	2018-11-16	2396	1811	0.7558430717863105	0.008776208605487834	0.7386420189987438	0.7730441245738772
TASO	2019 Q1	men	2019-02-15	2414	1934	0.8011599005799502	0.008123495699955106	0.7852381415794722	0.8170816595804282
TASO	2019 Q2	men	2019-05-17	2432	1975	0.8120888157894737	0.007921296947900064	0.7965633590607425	0.8276142725182049
TASO	2019 Q3	men	2019-08-17	2506	2056	0.8204309656823623	0.007667366306507073	0.8054032038653325	0.8354587274993921
TASO	2019 Q4	men	2019-11-16	2528	2150	0.8504746835443038	0.007092502955812713	0.836573633190667	0.8643757338979405
TASO	2020 Q1	men	2020-02-15	2510	2263	0.9015936254980079	0.005945387577773758	0.8899408799714396	0.9132463710245763
TASO	2020 Q2	men	2020-05-17	2424	2218	0.915016501650165	0.005663898446278865	0.903915464683366	0.926117538616964
TASO	2020 Q3	men	2020-08-16	2484	2273	0.9150563607085346	0.005593885314590981	0.9040925469582888	0.9260201744587804
TASO	2020 Q4	men	2020-11-16	2492	2332	0.9357945425361156	0.004910234206039587	0.9261706603366214	0.9454184247356098
TASO	2021 Q1	men	2021-02-15	2484	2412	0.9710144927536232	0.003366103866483406	0.9644170504070947	0.9776119351001517
TASO	2021 Q2	men	2021-05-17	2510	2439	0.9717131474103585	0.0033092112515907364	0.965227212540006	0.9781990822807111
TASO	2021 Q3	men	2021-08-17	2524	2446	0.9690966719492868	0.0034446214514487613	0.9623453379640732	0.9758480059345005
TASO	2021 Q4	men	2021-11-16	2521	2462	0.9765965886552955	0.0030110000422314417	0.9706951370150734	0.9824980402955177
TASO	2022 Q1	men	2022-02-15	2524	2489	0.9861331220285261	0.002327621953138999	0.9815710668307489	0.9906951772263033
TASO	2022 Q2	men	2022-05-17	2521	2491	0.9880999603332011	0.002159674112913678	0.9838670768535468	0.9923328438128555
TASO	2022 Q3	men	2022-08-17	2531	2474	0.9774792572105887	0.0029491649089301505	0.9716990002046163	0.9832595142165611
TASO	2022 Q4	men	2022-11-16	2463	2419	0.9821356069833537	0.0026689943514493744	0.976904474179572	0.9873667397871353
TASO	2023 Q1	men	2023-02-15	2476	2388	0.9644588045234249	0.0037207675318567173	0.9571662341661398	0.9717513748807101
TASO	2023 Q2	men	2023-05-17	2476	2388	0.9644588045234249	0.0037207675318567173	0.9571662341661398	0.9717513748807101
TASO	2018 Q1	women	2018-02-15	5081	2428	0.47785868923440267	0.007007597900317146	0.46412404973164256	0.49159332873716277
TASO	2018 Q2	women	2018-05-17	5248	2649	0.5047637195121951	0.006901657119415626	0.49123672012449604	0.5182907188998942
TASO	2018 Q3	women	2018-08-17	5386	2757	0.5118826587448941	0.006811051317962149	0.49853324346483424	0.525232074024954
TASO	2018 Q4	women	2018-11-16	5414	3437	0.6348356113779091	0.006543584629056591	0.6220104211751684	0.6476608015806499
TASO	2019 Q1	women	2019-02-15	5456	3584	0.656891495601173	0.006427252771645193	0.6442943116492131	0.6694886795531328
TASO	2019 Q2	women	2019-05-17	5488	3669	0.6685495626822158	0.00635431955363666	0.65609532521082925	0.6810038001536023
TASO	2019 Q3	women	2019-08-17	5605	3769	0.6724353256021409	0.006268822625258682	0.660148659031164	0.6847219921731178
TASO	2019 Q4	women	2019-11-16	5655	3953	0.699027409372237	0.006099500498726571	0.6870726080710488	0.7109822106734252
TASO	2020 Q1	women	2020-02-15	5746	4187	0.7286808214410024	0.005865784526164505	0.7171840950286477	0.7401775478533572
TASO	2020 Q2	women	2020-05-17	5620	4184	0.7444839857651245	0.005817931244759958	0.7330810500608648	0.7558869214693843
TASO	2020 Q3	women	2020-08-16	5708	4505	0.7892431674842326	0.005398265801363788	0.7786627609345853	0.7998235740338799
TASO	2020 Q4	women	2020-11-16	5726	4883	0.8527768075445337	0.00468252531455637	0.8435992265713061	0.8619543885177612
TASO	2021 Q1	women	2021-02-15	5719	5305	0.927609721979367	0.0034265945504394994	0.9208937200708843	0.9343257238878496
TASO	2021 Q2	women	2021-05-17	5700	5415	0.95	0.00288675134594813	0.9443420713296191	0.9556579286703808
TASO	2021 Q3	women	2021-08-17	5731	5464	0.9534112720293143	0.002783975207220097	0.9479547808893105	0.9588677631693181
TASO	2021 Q4	women	2021-11-16	5742	5556	0.96760710553814	0.0023363763874570246	0.9630278919643944	0.9721863191118856
TASO	2022 Q1	women	2022-02-15	5786	5643	0.9752851711026616	0.0020410582529405185	0.9712847704365499	0.9792855717687732
TASO	2022 Q2	women	2022-05-17	5796	5677	0.9794685990338164	0.0018626890546310914	0.9758177955723425	0.9831194024952904
TASO	2022 Q3	women	2022-08-17	5763	5687	0.9868124240846781	0.0015027110532619436	0.9838671645411144	0.9897576836282417
TASO	2022 Q4	women	2022-11-16	5761	5693	0.9881964936642944	0.0014229126338110916	0.9854076361488776	0.9909853511797112
TASO	2023 Q1	women	2023-02-15	5788	5442	0.9402211472011057	0.0031161943402206516	0.9341135185254457	0.9463287758767658
TASO	2023 Q2	women	2023-05-17	5788	5442	0.9402211472011057	0.0031161943402206516	0.9341135185254457	0.9463287758767658
all	2018 Q1	men	2018-02-15	7588	985	0.1298102266736953	0.003858315881278143	0.12224806650541122	0.13737238684197936
all	2018 Q2	men	2018-05-17	7879	1142	0.14494225155476584	0.003966063605648727	0.13716890972729925	0.1527155933822324
all	2018 Q3	men	2018-08-17	8152	1274	0.15628066732090284	0.004021791419823115	0.14839810098471734	0.16416323365708835
all	2018 Q4	men	2018-11-16	8105	2051	0.2530536705737199	0.004829192413711365	0.2435886273684316	0.26251871377900826
all	2019 Q1	men	2019-02-15	8279	2513	0.303539074767484	0.0050532029317217194	0.29363497901473723	0.31344317052023074
all	2019 Q2	men	2019-05-17	9398	3323	0.35358586933390085	0.00493156941804685	0.3439201708872699	0.3632515677805318
all	2019 Q3	men	2019-08-17	8789	3371	0.38354761633860507	0.005186682693452963	0.3733819050602001	0.39371332761701006
all	2019 Q4	men	2019-11-16	8773	5683	0.6477829704776017	0.0050997146204188205	0.6377877134901484	0.6577782274650549
all	2020 Q1	men	2020-02-15	8631	7286	0.8441663770130924	0.003904038130179535	0.8365146028836694	0.8518181511425154
all	2020 Q2	men	2020-05-17	8702	7434	0.8542863709492071	0.00378218080945843	0.8468734327796501	0.8616993091187641
all	2020 Q3	men	2020-08-16	9317	8043	0.8632607062359129	0.00355942302224105	0.8562843653065777	0.8702370471652481
all	2020 Q4	men	2020-11-16	9724	8746	0.8994241053064582	0.003050048453333414	0.8934461201868227	0.9054020904260938
all	2021 Q1	men	2021-02-15	9565	8932	0.9338212232096184	0.0025418431658670807	0.9288393021501696	0.9388031442690671
all	2021 Q2	men	2021-05-17	10361	9886	0.9541550043432101	0.002054729221463789	0.950127809071159	0.9581821996152612
all	2021 Q3	men	2021-08-17	9930	9513	0.9580060422960726	0.0020128105640111753	0.9540610060829089	0.9619510785092362
all	2021 Q4	men	2021-11-16	9507	9202	0.9679183759335227	0.0018072814594481802	0.9643761693630772	0.9714605825039682
all	2022 Q1	men	2022-02-15	9824	9559	0.9730252442996743	0.0016345440801902034	0.9698215967713584	0.9762288918279902
all	2022 Q2	men	2022-05-17	9667	9431	0.9755870487224578	0.0015696300192653593	0.9725106304156448	0.9786634670292709
all	2022 Q3	men	2022-08-17	9800	9579	0.9774489795918367	0.0014997439198659497	0.9745095355228666	0.9803884236608069
all	2022 Q4	men	2022-11-16	9658	9488	0.9823980120107683	0.0013380766652742464	0.9797754299382773	0.9850205940832593
all	2023 Q1	men	2023-02-15	9715	9519	0.979825012866701	0.001426459651068558	0.977029203325207	0.9826208224081949
all	2023 Q2	men	2023-05-17	10331	10066	0.9743490465589004	0.0015553848257324242	0.9713005483183648	0.9773975447994361
all	2018 Q1	women	2018-02-15	13968	2489	0.1781930126002291	0.0032378978000495253	0.17184684952651055	0.18453917567394765
all	2018 Q2	women	2018-05-17	14465	2735	0.18907708261320427	0.003255742242380403	0.18269594507519302	0.19545822015121553
all	2018 Q3	women	2018-08-17	14821	2860	0.19296943526077862	0.003241533400087369	0.1866161465419237	0.19932272397963352
all	2018 Q4	women	2018-11-16	14584	3571	0.24485737794843665	0.0035606784919259855	0.23787857634373533	0.251836179553138
all	2019 Q1	women	2019-02-15	15456	3880	0.2510351966873706	0.0034877830138093694	0.24419926759441368	0.25787112578032756
all	2019 Q2	women	2019-05-17	15626	4428	0.2833738640726993	0.0036049754185941453	0.2763082420871026	0.29043948605829606
all	2019 Q3	women	2019-08-17	15939	5200	0.32624380450467405	0.003713573184114681	0.31896533480985556	0.33352227419949254
all	2019 Q4	women	2019-11-16	15962	7565	0.4739381029946122	0.0039521696892663065	0.4661919927428594	0.481684213246365
all	2020 Q1	women	2020-02-15	16423	10611	0.6461060707544297	0.0037313176354851537	0.6387928225739996	0.6534193189348597
all	2020 Q2	women	2020-05-17	16173	10501	0.6492920299264205	0.003752300061754648	0.641937656946194	0.6566464029066471
all	2020 Q3	women	2020-08-16	16408	11156	0.6799122379327157	0.003641942967212513	0.6727741608832303	0.6870503149822011
all	2020 Q4	women	2020-11-16	17012	13046	0.7668704443921938	0.0032417683732954786	0.7605166951343136	0.7732241936500739
all	2021 Q1	women	2021-02-15	17561	15347	0.8739251751039234	0.0025048209700482857	0.8690158162149081	0.8788345339929388
all	2021 Q2	women	2021-05-17	17100	15689	0.917485380116959	0.002104102889616728	0.9133614142335436	0.9216093460003745
all	2021 Q3	women	2021-08-17	17803	16748	0.9407403246643824	0.0017695706975309983	0.9372720298291243	0.9442086194996405
all	2021 Q4	women	2021-11-16	17135	16390	0.9565217391304348	0.0015579067177440057	0.9534682980723835	0.9595751801884861
all	2022 Q1	women	2022-02-15	17549	17003	0.96888711607499	0.0013106313072523462	0.9663183259157647	0.9714559062342153
all	2022 Q2	women	2022-05-17	17813	17080	0.9588502778869366	0.0014882994410170083	0.9559332645843321	0.961767291189541
all	2022 Q3	women	2022-08-17	17617	17266	0.9800760628937958	0.0010528136208283196	0.9780125861145391	0.9821395396730525
all	2022 Q4	women	2022-11-16	17591	17283	0.9824910465578989	9.888926074829425e-4	0.9805528526626544	0.9844292404531434
all	2023 Q1	women	2023-02-15	17882	17312	0.968124370875741	0.0013136719104822545	0.9655496212436938	0.9706991205077882
all	2023 Q2	women	2023-05-17	17454	16204	0.9283831786409992	0.0019517476553415963	0.9245578235296191	0.9322085337523792
